Scenario ID,Name,Type,Severity Multiplier,Trigger Phrase(s),Cedi/USD shock (%),Inflation shock (pp),Policy rate shock (bps),GDP shock (pp),Service Revenue (% chg),EBITDA margin (bps chg),ARPU USD (% chg),MoMo Revenue (% chg),Subscribers (% chg),Net debt/EBITDA (x chg),Pillar
S02,Inflation resurgence to 25%,Stress,1.0,CPI hits 25% due to fiscal slippage,5.0,20.0,300.0,-1.0,-4.0,-120.0,5.0,2.0,-1.0,0.5,Macro & FX
S03,MoMo e-levy increase to 1.5%,Stress,1.0,Govt raises e-levy from 1% to 1.5%,0.0,0.0,0.0,0.0,-2.0,-50.0,0.0,-25.0,-15.0,0.2,Regulatory
S04,Sovereign debt freeze,Stress,1.0,"IMF programme stalls, donors cut aid",15.0,10.0,500.0,-2.5,-6.0,-180.0,-3.0,-8.0,-2.0,0.8,Regulatory
S05,ECG tariff +40%,Stress,1.0,Power utility raises tariffs 40%,0.0,3.0,0.0,0.0,-0.5,-20.0,0.0,-1.0,-0.2,0.03,Operational
S06,Major cyber breach - 5-day MoMo outage,Shock,1.0,Ransomware locks MoMo platform for 5 days,0.0,0.0,0.0,0.0,-1.5,-60.0,0.0,-12.0,-3.0,0.1,Technology
S07,Spectrum dispute - 4G degradation,Shock,1.0,"Regulator forces spectrum reallocation, 4G speeds drop",0.0,0.0,0.0,0.0,-6.0,-150.0,-4.0,-2.0,-1.5,0.25,Technology
S08,Major flood - 300+ sites down,Shock,1.0,Heavy rains damage 300 cell sites across south,0.0,0.0,0.0,-0.5,-2.0,-80.0,-1.0,-1.0,-0.5,0.07,Operational
S09,Mass data privacy breach,Shock,1.0,Customer data of 5M users leaked online,0.0,0.0,0.0,0.0,-1.0,-50.0,-1.0,-5.0,-2.0,0.05,Technology
S10,Competitive intensification (ARPU pressure),Shock,1.0,Price war cuts data tariffs 30% across market,0.0,0.0,0.0,0.0,-6.0,-120.0,-12.0,-6.0,-2.5,0.1,Competitive
S11,Ghana macro reversal,Combined,1.0,"IMF suspension, cedi collapse, inflation spike",20.0,15.0,800.0,-3.0,-12.0,-250.0,-8.0,-5.0,-3.0,0.8,Combined
S12,Fintech disruption + regulatory pressure,Combined,1.0,Bank-led wallets capture MoMo share + e-levy hike,0.0,0.0,0.0,0.0,-4.0,-150.0,-2.0,-30.0,-8.0,0.3,Combined
S13,Network crisis + climate compound,Combined,1.0,Major outage + flooding + diesel shortage,0.0,8.0,0.0,-1.5,-6.0,-200.0,-3.0,-10.0,-4.0,0.25,Combined
S14,Reverse-FY25 - all tailwinds vanish,Combined,1.0,"Cedi weakens, inflation rises, regulatory crackdown",15.0,12.0,400.0,-2.0,-5.0,-300.0,-8.0,-5.0,-2.0,0.5,Combined
S15,Cedi devaluation -40% (severe),Stress,1.0,"Cedi plummets 40% in 3 months, BoG intervenes",40.0,8.0,600.0,-2.0,-14.0,-400.0,-25.0,3.0,-3.0,1.2,Macro & FX
S16,Hyperinflation return - 50%+,Stress,1.0,"Inflation exceeds 50%, currency crisis deepens",25.0,45.0,1000.0,-3.0,-12.0,-600.0,-20.0,5.0,-5.0,1.5,Macro & FX
S17,BoG emergency rate hike to 35%,Stress,1.0,MPC hikes policy rate to 35% in emergency meeting,8.0,5.0,700.0,-1.0,-2.0,-100.0,-1.0,0.0,-0.5,0.15,Macro & FX
S18,Ghana sovereign downgrade to junk,Stress,1.0,"Moody's cuts Ghana to Caa1, foreign debt payments frozen",10.0,6.0,500.0,-1.5,-3.0,-150.0,-2.0,-2.0,-1.0,0.4,Macro & FX
S19,Cedi appreciation +30%,Upside,1.0,Cedi strengthens 30% on oil windfall and IMF inflows,-30.0,-3.0,-200.0,2.0,10.0,100.0,30.0,-5.0,1.5,-0.2,Macro & FX
S20,IMF conditionality tightening,Stress,1.0,"IMF demands higher tariffs, spending cuts",0.0,2.0,100.0,-1.0,-2.0,-60.0,-1.0,-2.0,-0.5,0.08,Macro & FX
S21,Cocoa/commodity crash - fiscal squeeze,Stress,1.0,"Cocoa prices fall 40%, export revenues drop",5.0,2.0,150.0,-1.5,-1.5,-40.0,-1.0,-8.0,-0.8,0.1,Macro & FX
S22,Oil price spike - pass-through inflation,Stress,1.0,"Crude oil +50%, diesel +80%",0.0,8.0,100.0,-0.5,-1.5,-80.0,-1.0,-2.0,-0.3,0.05,Operational
S23,BoG FX intervention failure - disorderly devaluation,Shock,1.0,"Cedi hits 18 GHS/USD, BoG runs out of reserves",50.0,20.0,1000.0,-3.0,-18.0,-500.0,-30.0,4.0,-4.0,1.8,Macro & FX
S25,NCA universal service levy increase,Stress,1.0,Levy raised from 1% to 2% of revenue,0.0,0.0,0.0,0.0,-1.5,-60.0,0.0,-1.0,-0.5,0.12,Regulatory
S26,Spectrum refarming forced at cost,Stress,1.0,Refarming 2G/3G to 4G/5G at NCA's cost,0.0,0.0,0.0,0.0,-2.0,-80.0,-1.0,-2.0,-0.5,0.15,Regulatory
S27,Parliament social tariff floor,Stress,1.0,"Minimum data price floor removed, intense price war",0.0,0.0,0.0,0.0,-6.0,-150.0,-5.0,-3.0,-1.0,0.25,Regulatory
S28,BoG MoMo interoperability mandate,Stress,1.0,Compulsory low‑cost interoperability with banks,0.0,0.0,0.0,0.0,-2.0,-80.0,0.0,-15.0,-3.0,0.1,Regulatory
S29,NCA partial licence revocation,Shock,1.0,NCA revokes MTN's data licence in 2 regions,0.0,0.0,0.0,0.0,-25.0,-600.0,-18.0,-12.0,-12.0,0.9,Regulatory
S30,SIM re-registration 2.0 - 6-month disruption,Shock,1.0,"Mandatory new SIM registration, 6‑month process",0.0,0.0,0.0,0.0,-3.0,-100.0,-2.0,-10.0,-8.0,0.2,Regulatory
S31,Data Protection Act fine - major enforcement,Stress,1.0,DPC fines MTN GHS 500m for data breach,0.0,0.0,0.0,0.0,-1.0,-50.0,0.0,-1.0,-0.5,0.08,Regulatory
S32,Regulatory storm (spectrum + e-levy + tariff cap),Combined,1.0,Three major regulatory hits simultaneously,0.0,0.0,0.0,0.0,-15.0,-400.0,-6.0,-30.0,-5.0,0.6,Regulatory
S33,Ransomware - core network 10-day outage,Shock,1.0,"Full network outage due to ransomware, 10 days",0.0,0.0,0.0,0.0,-20.0,-400.0,-8.0,-15.0,-5.0,0.5,Technology
S34,MoMo vendor insolvency - forced migration,Shock,1.0,"MoMo platform vendor goes bankrupt, 15‑day migration",0.0,0.0,0.0,0.0,-5.0,-200.0,-3.0,-25.0,-8.0,0.4,Technology
S36,Subsea cable cut - bandwidth crisis,Shock,1.0,"International fibre cut, 50% capacity loss for 3 weeks",0.0,0.0,0.0,0.0,-3.0,-100.0,-2.0,-1.0,-0.5,0.06,Technology
S37,AI-driven MoMo fraud surge +500%,Stress,1.0,AI fraud attacks cause massive MoMo losses,0.0,0.0,0.0,0.0,-1.0,-80.0,0.0,-8.0,-2.0,0.1,Technology
S38,National grid + telecoms cyberattack,Shock,1.0,State‑sponsored attack on grid and telcos,0.0,0.0,0.0,0.0,-15.0,-350.0,-6.0,-18.0,-6.0,0.7,Technology
S39,Network sharing collapse - Telecel dispute,Stress,1.0,"Telecel ends tower sharing, MTN must build own",0.0,0.0,0.0,0.0,-1.0,-60.0,0.0,0.0,-0.5,0.1,Technology
S40,Telecel aggressive bundle reset,Stress,1.0,Telecel launches low‑price voice+data bundle,0.0,0.0,0.0,0.0,-3.0,-80.0,-8.0,-2.0,-1.5,0.05,Competitive
S41,New MVNO entry - tech giant,Shock,1.0,Amazon or Google launches MVNO in Ghana,0.0,0.0,0.0,0.0,-6.0,-150.0,-8.0,-5.0,-3.0,0.15,Competitive
S42,AT Ghana recapitalisation,Stress,1.0,"AirtelTigo gets new investor, aggressive marketing",0.0,0.0,0.0,0.0,-2.0,-50.0,-2.0,-1.0,-1.0,0.03,Competitive
S43,Price war - all operators cut data 40%,Stress,1.0,"Industry‑wide data price war, 40% cuts",0.0,0.0,0.0,0.0,-12.0,-250.0,-10.0,-8.0,-2.0,0.2,Competitive
S44,Bank-led mobile wallet captures MoMo share,Shock,1.0,Consortium of banks launches unified wallet,0.0,0.0,0.0,0.0,-3.0,-120.0,-1.0,-20.0,-5.0,0.12,Competitive
S45,OTT substitution accelerates - voice collapse,Stress,1.0,WhatsApp voice + video kills traditional voice,0.0,0.0,0.0,0.0,-2.0,-50.0,-2.0,-0.5,-0.2,0.02,Competitive
S46,Starlink Ghana rural expansion,Stress,1.0,Starlink launches low‑cost rural satellite broadband,0.0,0.0,0.0,0.0,-1.0,-30.0,-0.5,-1.0,-0.5,0.02,Competitive
S47,ECG load-shedding Stage 6 - 6 months,Stress,1.0,"Daily 8‑hour power cuts, diesel costs quadruple",0.0,5.0,0.0,-1.0,-3.0,-150.0,-1.0,-3.0,-1.0,0.12,Operational
S49,Tower equipment supply chain disruption,Stress,1.0,Huawei sanctions delay tower equipment 6 months,0.0,0.0,0.0,0.0,-1.0,-40.0,0.0,-1.0,-0.5,0.04,Operational
S50,CEO + CFO simultaneous departure,Shock,1.0,Both top executives resign unexpectedly,0.0,0.0,0.0,0.0,-0.5,-20.0,0.0,-1.0,-0.2,0.02,Operational
S51,Labour dispute - extended strike,Stress,1.0,Union strikes for 4 weeks over pay,0.0,0.0,0.0,0.0,-1.5,-80.0,0.0,-2.0,-0.8,0.05,Operational
S52,5G early mover - enterprise revenue surge,Upside,1.0,"MTN launches 5G first, grabs enterprise share",0.0,0.0,-50.0,0.5,4.0,80.0,8.0,15.0,3.0,-0.08,Technology
S53,MoMo lending / micro-insurance breakthrough,Upside,1.0,"MoMo lending scales 5x, insurance attach rate 20%",0.0,0.0,0.0,0.0,2.0,40.0,0.0,35.0,5.0,-0.05,Operational
S54,Ghana GDP 8%+ super-cycle,Upside,1.0,"Oil & mining boom, GDP growth >8%",-5.0,-3.0,-100.0,3.5,5.0,100.0,10.0,20.0,5.0,-0.1,Macro & FX
S55,Cedi appreciation +40%,Upside,1.0,Cedi appreciates 40% on structural reforms,-40.0,-5.0,-300.0,2.0,12.0,400.0,40.0,-3.0,2.0,-0.3,Macro & FX
S56,Perfect storm (macro+cyber+regulatory+climate),Combined,1.0,Worst‑case combined event,35.0,25.0,1000.0,-4.0,-25.0,-800.0,-20.0,-40.0,-10.0,2.5,Tail Risk
S57,Cedi devaluation -15% (mild),Stress,0.5,Cedi weakens 15% gradually,15.0,2.0,100.0,-0.5,-4.0,-100.0,-8.0,1.0,-0.8,0.4,Macro & FX
S58,Cedi devaluation -50% (extreme),Stress,1.5,"Cedi loses 50% in 6 months, hyperinflation",50.0,30.0,1500.0,-4.0,-18.0,-600.0,-32.0,5.0,-5.0,2.2,Tail Risk
S59,Inflation 15% (moderate),Stress,0.5,CPI rises to 15% on food prices,0.0,10.0,100.0,-0.2,-2.0,-60.0,2.0,1.0,-0.5,0.15,Macro & FX
S60,Inflation 35% (severe),Stress,1.2,CPI hits 35% after currency crisis,15.0,30.0,500.0,-2.0,-6.0,-250.0,8.0,4.0,-2.0,0.9,Macro & FX
S61,Policy rate cut to 20% (stimulus),Upside,0.7,BoG cuts rate aggressively to boost economy,-3.0,-2.0,-800.0,1.5,2.0,30.0,1.0,0.5,0.8,-0.05,Macro & FX
S62,Ghana GDP growth 0% (stagnation),Stress,0.6,"No growth, high unemployment",0.0,2.0,100.0,-4.5,-2.0,-80.0,-1.0,-2.0,-1.0,0.1,Macro & FX
S63,NCA small fine GHS 100m,Stress,0.3,Minor compliance fine,0.0,0.0,0.0,0.0,-0.2,-10.0,0.0,0.0,0.0,0.01,Regulatory
S64,NCA very large fine GHS 1.2bn,Stress,1.2,Major anti‑trust fine,0.0,0.0,0.0,0.0,-3.0,-250.0,0.0,-2.0,-1.0,0.35,Regulatory
S65,Tariff cap -15% (mild),Stress,0.4,Data price cap at 0.65 GHS/GB,0.0,0.0,0.0,0.0,-3.0,-70.0,-1.5,0.0,0.0,0.08,Regulatory
S66,Tariff floor removal only,Stress,0.6,"Price floor removed, moderate competition",0.0,0.0,0.0,0.0,-4.0,-100.0,-2.0,0.0,0.0,0.12,Regulatory
S67,5G auction win - MTN leads,Upside,0.6,MTN wins 5G spectrum cheaply,0.0,0.0,0.0,0.0,1.5,40.0,1.0,3.0,1.0,-0.03,Technology
S68,Subsea cable cut - minor 1 week,Stress,0.4,"Single fibre cut, 10% capacity loss",0.0,0.0,0.0,0.0,-0.5,-20.0,0.0,0.0,0.0,0.01,Technology
S69,MoMo fraud surge +200%,Stress,0.7,"Fraud losses double, customer trust dips",0.0,0.0,0.0,0.0,-0.5,-40.0,0.0,-5.0,-1.0,0.04,Technology
S70,Telecel mild price promotion,Stress,0.3,10% discount on weekend calls,0.0,0.0,0.0,0.0,-0.5,-10.0,-1.0,-0.5,-0.2,0.0,Competitive
S71,New MVNO niche (youth),Stress,0.5,Small MVNO takes 2% of prepaid market,0.0,0.0,0.0,0.0,-0.8,-20.0,-1.0,-0.5,-0.5,0.01,Competitive
S72,ECG load-shedding Stage 3 - 3 months,Stress,0.5,Daily 4‑hour power cuts,0.0,2.0,0.0,-0.3,-0.8,-40.0,0.0,-1.0,-0.3,0.03,Operational
S73,Localised flood - 50 sites down,Stress,0.4,Regional flooding affects 50 towers,0.0,0.0,0.0,0.0,-0.3,-12.0,0.0,-0.2,-0.1,0.01,Operational
S74,Labour dispute - 1 week strike,Stress,0.4,"Short strike, minimal impact",0.0,0.0,0.0,0.0,-0.2,-10.0,0.0,0.0,-0.1,0.0,Operational
S75,Minor cyber breach - limited data,Stress,0.4,Small leak of non‑sensitive data,0.0,0.0,0.0,0.0,-0.1,-5.0,0.0,-0.5,-0.2,0.0,Technology
S76,Shareholder dividend pressure,Stress,0.5,Activist investors demand higher payout,0.0,0.0,0.0,0.0,0.0,-20.0,0.0,0.0,0.0,0.1,Financial
S77,FX hedging gain (unexpected),Upside,0.5,Cedi weakens but MTN had hedged,10.0,0.0,0.0,0.0,0.5,15.0,0.0,0.0,0.0,-0.1,Financial
S78,Corporate tax hike to 30%,Stress,0.6,Govt raises corporate tax rate,0.0,0.0,0.0,0.0,-1.0,-30.0,0.0,0.0,0.0,0.05,Regulatory
S79,Mobile termination rate cut,Stress,0.5,Regulator cuts MTR by 50%,0.0,0.0,0.0,0.0,-1.5,-40.0,-1.0,0.0,0.0,0.04,Regulatory
S80,Free MoMo transaction period,Stress,0.4,Govt mandates 6 months zero fees,0.0,0.0,0.0,0.0,-0.5,-20.0,0.0,-10.0,-2.0,0.06,Regulatory
S81,Starlink urban expansion,Stress,0.6,Starlink offers competitive urban data bundles,0.0,0.0,0.0,0.0,-2.0,-50.0,-3.0,-1.0,-1.0,0.05,Competitive
S82,AI customer service breakthrough,Upside,0.6,AI reduces call centre costs 30%,0.0,0.0,0.0,0.0,0.5,60.0,0.0,0.0,0.0,-0.02,Technology
S83,Diesel tax rebate,Stress,0.4,Govt removes fuel tax for telcos,0.0,-1.0,0.0,0.0,0.2,15.0,0.0,0.0,0.0,-0.01,Operational
S84,Removal of roaming surcharge,Stress,0.5,ECOWAS free roaming enforced,0.0,0.0,0.0,0.0,-0.3,-10.0,-0.2,0.0,0.0,0.0,Regulatory
S85,New data centre investment,Upside,0.5,MTN builds Tier‑4 data centre,0.0,0.0,0.0,0.0,0.2,10.0,0.0,0.0,0.0,0.02,Technology
S86,Green energy subsidy,Upside,0.4,Govt subsidises solar for cell sites,0.0,0.0,0.0,0.0,0.1,15.0,0.0,0.0,0.0,-0.01,Operational
S87,Currency swap agreement (China),Upside,0.6,Direct GHS/CNY settlement reduces USD exposure,-2.0,0.0,0.0,0.3,0.5,25.0,0.5,0.0,0.0,-0.03,Financial
S88,MTN Group cross‑guarantee,Stress,0.5,"Parent guarantees Ghana debt, improves credit",0.0,0.0,-100.0,0.0,0.0,20.0,0.0,0.0,0.0,-0.1,Financial
S89,NCA quality of service bonus,Upside,0.4,"MTN meets QoS targets, gets fee rebate",0.0,0.0,0.0,0.0,0.2,10.0,0.0,0.0,0.0,-0.01,Regulatory
S90,ECG prepaid metering for sites,Upside,0.3,Better power management reduces diesel use,0.0,-0.5,0.0,0.0,0.1,8.0,0.0,0.0,0.0,-0.01,Operational
S01,Cedi devaluation -25%,Upside,,Cedi increases 25% vs USD over 2 quarters,,,,,,,,,,,Competitive
